exon,sequence,PSI
GGTTTCAGACAAAATCAAAAAGAAGGAAGGTGCTCACATTCCTTAAATTAAGGA,AACTTCCTTTATTTTCCTTACAGGGTTTCAGACAAAATCAAAAAGAAGGAAGGTGCTCACATTCCTTAAATTAAGGAGTAAGTCTGCC,0.97
GGTGGTAGACAAAATCAAAAAGAAGGAAGGTGCTCACATTCCTTAAATTAAGGA,AACTTCCTTTATTTTCCTTACAGGGTGGTAGACAAAATCAAAAAGAAGGAAGGTGCTCACATTCCTTAAATTAAGGAGTAAGTCTGCC,0.59
GGTGTTAGACAAAATCAAAAAGAAGGAAGGTGCTCACATTCCTTAAATTAAGGA,AACTTCCTTTATTTTCCTTACAGGGTGTTAGACAAAATCAAAAAGAAGGAAGGTGCTCACATTCCTTAAATTAAGGAGTAAGTCTGCC,0.21
GGTTGTAGACAAAATCAAAAAGAAGGAAGGTGCTCACATTCCTTAAATTAAGGA,AACTTCCTTTATTTTCCTTACAGGGTTGTAGACAAAATCAAAAAGAAGGAAGGTGCTCACATTCCTTAAATTAAGGAGTAAGTCTGCC,0.47
GGTTTTAGACACAATCAAAAAGAAGGAAGGTGCTCACATTCCTTAAATTAAGGA,AACTTCCTTTATTTTCCTTACAGGGTTTTAGACACAATCAAAAAGAAGGAAGGTGCTCACATTCCTTAAATTAAGGAGTAAGTCTGCC,0.91
GGTTTTAGACCCCCGGAAAAAGAAGGAAGGTGCTCACATTCCTTAAATTAAGGA,AACTTCCTTTATTTTCCTTACAGGGTTTTAGACCCCCGGAAAAAGAAGGAAGGTGCTCACATTCCTTAAATTAAGGAGTAAGTCTGCC,0.81
GGTTTTAGACCCCATCAAAAAGAAGGAAGGTGCTCACATTCCTTAAATTAAGGA,AACTTCCTTTATTTTCCTTACAGGGTTTTAGACCCCATCAAAAAGAAGGAAGGTGCTCACATTCCTTAAATTAAGGAGTAAGTCTGCC,0.52
GGTTTTAGACAAACGGAAAAAGAAGGAAGGTGCTCACATTCCTTAAATTAAGGA,AACTTCCTTTATTTTCCTTACAGGGTTTTAGACAAACGGAAAAAGAAGGAAGGTGCTCACATTCCTTAAATTAAGGAGTAAGTCTGCC,0.97
GGTTTTAGACAAACGCAAAAAGAAGGAAGGTGCTCACATTCCTTAAATTAAGGA,AACTTCCTTTATTTTCCTTACAGGGTTTTAGACAAACGCAAAAAGAAGGAAGGTGCTCACATTCCTTAAATTAAGGAGTAAGTCTGCC,0.78
GGTTTTAGACAAAATGAAAAAGAAGGAAGGTGCTCACATTCCTTAAATTAAGGA,AACTTCCTTTATTTTCCTTACAGGGTTTTAGACAAAATGAAAAAGAAGGAAGGTGCTCACATTCCTTAAATTAAGGAGTAAGTCTGCC,0.63
GGTGGTAGACCCCATCAAAAAGAAGGAAGGTGCTCACATTCCTTAAATTAAGGA,AACTTCCTTTATTTTCCTTACAGGGTGGTAGACCCCATCAAAAAGAAGGAAGGTGCTCACATTCCTTAAATTAAGGAGTAAGTCTGCC,0.95
GGTTTTAGACCAAATCAAAAAGAAGGAAGGTGCTCACATTCCTTAAATTAAGGA,AACTTCCTTTATTTTCCTTACAGGGTTTTAGACCAAATCAAAAAGAAGGAAGGTGCTCACATTCCTTAAATTAAGGAGTAAGTCTGCC,0.28
GGTTTCAGACAAAATCAAAAAGAAGGAAGGTGCTCACATTCCTTAAATTAAGGA,AACTTCCTTTATTTTCCTTACAGGGTTTCAGACAAAATCAAAAAGAAGGAAGGTGCTCACATTCCTTAAATTAAGGAGTAAGTCTGCC,0.95
GGTTTTAGACAAAATCAAAAAGAAGGAAGGTGCTCACATTCCTTGAATTAAGGA,AACTTCCTTTATTTTCCTTACAGGGTTTTAGACAAAATCAAAAAGAAGGAAGGTGCTCACATTCCTTGAATTAAGGAGTAAGTCTGCC,0.09
GGTTTTAGACAAAATCAAAAAGAAGGAAGGTGCTCACATTCCTTCAATTAAGGA,AACTTCCTTTATTTTCCTTACAGGGTTTTAGACAAAATCAAAAAGAAGGAAGGTGCTCACATTCCTTCAATTAAGGAGTAAGTCTGCC,0.92
GGTTTTAGACAAAATCAAAAAGAAGGAAGGTGCTCACATTCCTTACATTAAGGA,AACTTCCTTTATTTTCCTTACAGGGTTTTAGACAAAATCAAAAAGAAGGAAGGTGCTCACATTCCTTACATTAAGGAGTAAGTCTGCC,0.46
GGTTTTAGACAAAATCAAAAAGAAGGAAGGTGCTCACATTCCTTAACTTAAGGA,AACTTCCTTTATTTTCCTTACAGGGTTTTAGACAAAATCAAAAAGAAGGAAGGTGCTCACATTCCTTAACTTAAGGAGTAAGTCTGCC,0.18
GGTTTTAGACAAAATCAAAAAGAAGGAAGGTGCTCACATTCCTTAAATGAAGGA,AACTTCCTTTATTTTCCTTACAGGGTTTTAGACAAAATCAAAAAGAAGGAAGGTGCTCACATTCCTTAAATGAAGGAGTAAGTCTGCC,0.88
GGTTTTAGACAAAATCAAAAAGAAGGAAGGTGCTCACATTCCTTAAATTATGGA,AACTTCCTTTATTTTCCTTACAGGGTTTTAGACAAAATCAAAAAGAAGGAAGGTGCTCACATTCCTTAAATTATGGAGTAAGTCTGCC,0.87
GGTTTTAGACAAAATCAAAAAGAAGGAAGGTGCTCACATTCCTTAAATTACGGA,AACTTCCTTTATTTTCCTTACAGGGTTTTAGACAAAATCAAAAAGAAGGAAGGTGCTCACATTCCTTAAATTACGGAGTAAGTCTGCC,0.0
GGTTTTAGACAAAATCAAAAAGAAGGAAGGTGCTCACAGTCCTTAAATTAAGGA,AACTTCCTTTATTTTCCTTACAGGGTTTTAGACAAAATCAAAAAGAAGGAAGGTGCTCACAGTCCTTAAATTAAGGAGTAAGTCTGCC,0.5
GGTTTTAGACAAAATCAAAAAGAAGGAAGGTGCTCACAATCCTTAAATTAAGGA,AACTTCCTTTATTTTCCTTACAGGGTTTTAGACAAAATCAAAAAGAAGGAAGGTGCTCACAATCCTTAAATTAAGGAGTAAGTCTGCC,0.31
GGTTTTAGACAAAATCAAAAAGAAGGAAGGTGCTCACATACCTTAAATTAAGGA,AACTTCCTTTATTTTCCTTACAGGGTTTTAGACAAAATCAAAAAGAAGGAAGGTGCTCACATACCTTAAATTAAGGAGTAAGTCTGCC,0.25
GGTTTTAGACAAAATCAAAAAGAAGGAAGGTGCTCACATGCCTTAAATTAAGGA,AACTTCCTTTATTTTCCTTACAGGGTTTTAGACAAAATCAAAAAGAAGGAAGGTGCTCACATGCCTTAAATTAAGGAGTAAGTCTGCC,0.38
GGTTTTAGACAAAATCAAAAAGAAGGAAGGTGCTCACATCCCTTAAATTAAGGA,AACTTCCTTTATTTTCCTTACAGGGTTTTAGACAAAATCAAAAAGAAGGAAGGTGCTCACATCCCTTAAATTAAGGAGTAAGTCTGCC,0.6
GGTTTTAGACAAAATCAAAAAGAAGGAAGGTGCTCACATTACTTAAATTAAGGA,AACTTCCTTTATTTTCCTTACAGGGTTTTAGACAAAATCAAAAAGAAGGAAGGTGCTCACATTACTTAAATTAAGGAGTAAGTCTGCC,0.1
GGTTTTAGACAAAATCAAAAAGAAGGAAGGTGCTCACATTTCTTAAATTAAGGA,AACTTCCTTTATTTTCCTTACAGGGTTTTAGACAAAATCAAAAAGAAGGAAGGTGCTCACATTTCTTAAATTAAGGAGTAAGTCTGCC,0.12
GGTTTTAGACAAAATCAAAAAGAAGGAAGGTGCTCACATTGCTTAAATTAAGGA,AACTTCCTTTATTTTCCTTACAGGGTTTTAGACAAAATCAAAAAGAAGGAAGGTGCTCACATTGCTTAAATTAAGGAGTAAGTCTGCC,0.21
GGTTTTAGACAAAATCAAAAAGAAGGAAGGTGCTCACATTCATTAAATTAAGGA,AACTTCCTTTATTTTCCTTACAGGGTTTTAGACAAAATCAAAAAGAAGGAAGGTGCTCACATTCATTAAATTAAGGAGTAAGTCTGCC,0.3
GGTTTTAGACAAAATCAAAAAGAAGGAAGGTGCTCACATTCTTTAAATTAAGGA,AACTTCCTTTATTTTCCTTACAGGGTTTTAGACAAAATCAAAAAGAAGGAAGGTGCTCACATTCTTTAAATTAAGGAGTAAGTCTGCC,0.12
GGTTTTAGACAAAATCAAAAAGAAGGAAGGTGCTCACATTCGTTAAATTAAGGA,AACTTCCTTTATTTTCCTTACAGGGTTTTAGACAAAATCAAAAAGAAGGAAGGTGCTCACATTCGTTAAATTAAGGAGTAAGTCTGCC,0.34
GGTTTTAGACAAAATCAAAAAGAAGGAAGGTGCTCACATTCCATAAATTAAGGA,AACTTCCTTTATTTTCCTTACAGGGTTTTAGACAAAATCAAAAAGAAGGAAGGTGCTCACATTCCATAAATTAAGGAGTAAGTCTGCC,0.47
GGTTTTAGACAAAATCAAAAAGAAGGAAGGTGCTCACATTCCCTAAATTAAGGA,AACTTCCTTTATTTTCCTTACAGGGTTTTAGACAAAATCAAAAAGAAGGAAGGTGCTCACATTCCCTAAATTAAGGAGTAAGTCTGCC,0.5
GGTTTTAGACAAAATCAAAAAGAAGGAAGGTGCTCACATTCCGTAAATTAAGGA,AACTTCCTTTATTTTCCTTACAGGGTTTTAGACAAAATCAAAAAGAAGGAAGGTGCTCACATTCCGTAAATTAAGGAGTAAGTCTGCC,0.57
GGTTTTAGACAAAATCAAAAAGAAGGAAGGTGCTCACATTCCTGAAATTAAGGA,AACTTCCTTTATTTTCCTTACAGGGTTTTAGACAAAATCAAAAAGAAGGAAGGTGCTCACATTCCTGAAATTAAGGAGTAAGTCTGCC,0.95
GGTTTTAGACAAAATCAAAAAGAAGGAAGGTGCTCACATTCCTCAAATTAAGGA,AACTTCCTTTATTTTCCTTACAGGGTTTTAGACAAAATCAAAAAGAAGGAAGGTGCTCACATTCCTCAAATTAAGGAGTAAGTCTGCC,0.91
GGTTTTAGACAAAATCAAAAAGAAGGAAGGTGCTCACATTCCTAAAATTAAGGA,AACTTCCTTTATTTTCCTTACAGGGTTTTAGACAAAATCAAAAAGAAGGAAGGTGCTCACATTCCTAAAATTAAGGAGTAAGTCTGCC,0.3
GGTTTTAGACAAAATCAAAAAGAAGGAAGGTGCTCACATTCCTTTAATTAAGGA,AACTTCCTTTATTTTCCTTACAGGGTTTTAGACAAAATCAAAAAGAAGGAAGGTGCTCACATTCCTTTAATTAAGGAGTAAGTCTGCC,0.1
GGTTTTAGACAAAATCAAAAAGAAGGAAGGTGCTCACATTCCTTGAATTAAGGA,AACTTCCTTTATTTTCCTTACAGGGTTTTAGACAAAATCAAAAAGAAGGAAGGTGCTCACATTCCTTGAATTAAGGAGTAAGTCTGCC,0.68
GGTTTTAGACAAAATCAAAAAGAAGGAAGGTGCTCACATTCCTTCAATTAAGGA,AACTTCCTTTATTTTCCTTACAGGGTTTTAGACAAAATCAAAAAGAAGGAAGGTGCTCACATTCCTTCAATTAAGGAGTAAGTCTGCC,0.58
GGTTTTAGACAAAATCAAAAAGAAGGAAGGTGCTCACATTCCTTAAATAAAGGA,AACTTCCTTTATTTTCCTTACAGGGTTTTAGACAAAATCAAAAAGAAGGAAGGTGCTCACATTCCTTAAATAAAGGAGTAAGTCTGCC,0.34
GGTTTTAGACAAAATCAAAAAGAAGGAAGGTGCTCACATTCCTTAAATCAAGGA,AACTTCCTTTATTTTCCTTACAGGGTTTTAGACAAAATCAAAAAGAAGGAAGGTGCTCACATTCCTTAAATCAAGGAGTAAGTCTGCC,0.44
GGTTTTAGACAAAATCAAAAAGAAGGAAGGTGCTCACATTCCTTAAATGAAGGA,AACTTCCTTTATTTTCCTTACAGGGTTTTAGACAAAATCAAAAAGAAGGAAGGTGCTCACATTCCTTAAATGAAGGAGTAAGTCTGCC,0.55
GGTTTTAGACAAAATCAAAAAGAAGGAAGGTGCTCACATTCCTTAAATTCAGGA,AACTTCCTTTATTTTCCTTACAGGGTTTTAGACAAAATCAAAAAGAAGGAAGGTGCTCACATTCCTTAAATTCAGGAGTAAGTCTGCC,0.25
GGTTTTAGACAAAATCAAAAAGAAGGAAGGTGCTCACATTCCTTAAATTGAGGA,AACTTCCTTTATTTTCCTTACAGGGTTTTAGACAAAATCAAAAAGAAGGAAGGTGCTCACATTCCTTAAATTGAGGAGTAAGTCTGCC,0.27
GGTTTTAGACAAAATCAAAAAGAAGGAAGGTGCTCACATTCCTTAAATTTAGGA,AACTTCCTTTATTTTCCTTACAGGGTTTTAGACAAAATCAAAAAGAAGGAAGGTGCTCACATTCCTTAAATTTAGGAGTAAGTCTGCC,0.0
GGTTTTAGACAAAATCAAAAAGAAGGAAGGTGCTCACATTCCTTAAATTATGGA,AACTTCCTTTATTTTCCTTACAGGGTTTTAGACAAAATCAAAAAGAAGGAAGGTGCTCACATTCCTTAAATTATGGAGTAAGTCTGCC,0.56
GGTTTTAGACAAAATCAAAAAGAAGGAAGGTGCTCACATTCCTTAAATTAGGGA,AACTTCCTTTATTTTCCTTACAGGGTTTTAGACAAAATCAAAAAGAAGGAAGGTGCTCACATTCCTTAAATTAGGGAGTAAGTCTGCC,0.01
GGTTTTAGACAAAATCAAAAAGAAGGAAGGTGCTCACATTCCTTAAATTACGGA,AACTTCCTTTATTTTCCTTACAGGGTTTTAGACAAAATCAAAAAGAAGGAAGGTGCTCACATTCCTTAAATTACGGAGTAAGTCTGCC,0.96
GGTTTTAGACAAAATCAAAAAGAAGGAAGGTGCTCACATTCCTTGAATTAAGGA,AACTTCCTTTATTTTCCTTACAGGGTTTTAGACAAAATCAAAAAGAAGGAAGGTGCTCACATTCCTTGAATTAAGGAGTAAGTCTGCC,0.93
GGTTTTAGACAAAATCAAAAAGAAGGAAGGTGCTCACATTCCTTCAATTAAGGA,AACTTCCTTTATTTTCCTTACAGGGTTTTAGACAAAATCAAAAAGAAGGAAGGTGCTCACATTCCTTCAATTAAGGAGTAAGTCTGCC,0.92
GGTTTTAGACAAAATCAAAAAGAAGGAAGGTGCTCACATTCCTTACATTAAGGA,AACTTCCTTTATTTTCCTTACAGGGTTTTAGACAAAATCAAAAAGAAGGAAGGTGCTCACATTCCTTACATTAAGGAGTAAGTCTGCC,0.46
GGTTTTAGACAAAATCAAAAAGAAGGAAGGTGCTCACATTCCTTAACTTAAGGA,AACTTCCTTTATTTTCCTTACAGGGTTTTAGACAAAATCAAAAAGAAGGAAGGTGCTCACATTCCTTAACTTAAGGAGTAAGTCTGCC,0.18
GGTTTTAGACAAAATCAAAAAGAAGGAAGGTGCTCACATTCCTTAAATGAAGGA,AACTTCCTTTATTTTCCTTACAGGGTTTTAGACAAAATCAAAAAGAAGGAAGGTGCTCACATTCCTTAAATGAAGGAGTAAGTCTGCC,0.88
GGTTTTAGACAAAATCAAAAAGAAGGAAGGTGCTCACATTCCTTAAATTATGGA,AACTTCCTTTATTTTCCTTACAGGGTTTTAGACAAAATCAAAAAGAAGGAAGGTGCTCACATTCCTTAAATTATGGAGTAAGTCTGCC,0.87
GGTTTTAGACAAAATCAAAAAGAAGGAAGGTGCTCACATTCCTTAAATTACGGA,AACTTCCTTTATTTTCCTTACAGGGTTTTAGACAAAATCAAAAAGAAGGAAGGTGCTCACATTCCTTAAATTACGGAGTAAGTCTGCC,1.0
